year,ai_value,unemployment_value
2023,5.4,
2023,5.4,2.6
2023,5.4,1.4
2023,5.4,0.6
2023,5.4,
2023,5.4,2.9
2023,5.4,1.4
2023,5.4,0.6
2023,5.4,
2023,5.4,2.1
2023,5.4,1.4
2023,5.4,0.5
2023,5.4,
2023,5.4,
2023,5.4,1.4
2023,5.4,
2023,5.4,
2023,5.4,
2023,5.4,1.4
2023,5.4,
2023,5.4,
2023,5.4,
2023,5.4,
2023,5.4,
2023,5.4,
2023,5.4,4.0
2023,5.4,1.5
2023,5.4,0.5
2023,5.4,
2023,5.4,4.0
2023,5.4,1.5
2023,5.4,0.5
2023,5.4,
2023,5.4,
2023,5.4,1.5
2023,5.4,0.5
2023,5.4,
2023,5.4,2.0
2023,5.4,1.2
2023,5.4,0.9
2023,5.4,
2023,5.4,2.1
2023,5.4,
2023,5.4,
2023,5.4,
2023,5.4,
2023,5.4,1.4
2023,5.4,
2023,17.8,
2023,17.8,2.6
2023,17.8,1.4
2023,17.8,0.6
2023,17.8,
2023,17.8,2.9
2023,17.8,1.4
2023,17.8,0.6
2023,17.8,
2023,17.8,2.1
2023,17.8,1.4
2023,17.8,0.5
2023,17.8,
2023,17.8,
2023,17.8,1.4
2023,17.8,
2023,17.8,
2023,17.8,
2023,17.8,1.4
2023,17.8,
2023,17.8,
2023,17.8,
2023,17.8,
2023,17.8,
2023,17.8,
2023,17.8,4.0
2023,17.8,1.5
2023,17.8,0.5
2023,17.8,
2023,17.8,4.0
2023,17.8,1.5
2023,17.8,0.5
2023,17.8,
2023,17.8,
2023,17.8,1.5
2023,17.8,0.5
2023,17.8,
2023,17.8,2.0
2023,17.8,1.2
2023,17.8,0.9
2023,17.8,
2023,17.8,2.1
2023,17.8,
2023,17.8,
2023,17.8,
2023,17.8,
2023,17.8,1.4
2023,17.8,
2023,36.5,
2023,36.5,2.6
2023,36.5,1.4
2023,36.5,0.6
2023,36.5,
2023,36.5,2.9
2023,36.5,1.4
2023,36.5,0.6
2023,36.5,
2023,36.5,2.1
2023,36.5,1.4
2023,36.5,0.5
2023,36.5,
2023,36.5,
2023,36.5,1.4
2023,36.5,
2023,36.5,
2023,36.5,
2023,36.5,1.4
2023,36.5,
2023,36.5,
2023,36.5,
2023,36.5,
2023,36.5,
2023,36.5,
2023,36.5,4.0
2023,36.5,1.5
2023,36.5,0.5
2023,36.5,
2023,36.5,4.0
2023,36.5,1.5
2023,36.5,0.5
2023,36.5,
2023,36.5,
2023,36.5,1.5
2023,36.5,0.5
2023,36.5,
2023,36.5,2.0
2023,36.5,1.2
2023,36.5,0.9
2023,36.5,
2023,36.5,2.1
2023,36.5,
2023,36.5,
2023,36.5,
2023,36.5,
2023,36.5,1.4
2023,36.5,
2024,12.0,
2024,12.0,1.9
2024,12.0,1.3
2024,12.0,0.6
2024,12.0,
2024,12.0,1.7
2024,12.0,1.3
2024,12.0,0.6
2024,12.0,
2024,12.0,2.2
2024,12.0,1.3
2024,12.0,0.6
2024,12.0,
2024,12.0,
2024,12.0,1.4
2024,12.0,
2024,12.0,
2024,12.0,
2024,12.0,1.6
2024,12.0,
2024,12.0,
2024,12.0,
2024,12.0,
2024,12.0,
2024,12.0,
2024,12.0,2.9
2024,12.0,1.3
2024,12.0,0.5
2024,12.0,
2024,12.0,2.9
2024,12.0,1.1
2024,12.0,0.5
2024,12.0,
2024,12.0,
2024,12.0,1.4
2024,12.0,0.6
2024,12.0,
2024,12.0,1.3
2024,12.0,1.2
2024,12.0,0.7
2024,12.0,
2024,12.0,
2024,12.0,
2024,12.0,
2024,12.0,
2024,12.0,
2024,12.0,
2024,12.0,
2024,25.1,
2024,25.1,1.9
2024,25.1,1.3
2024,25.1,0.6
2024,25.1,
2024,25.1,1.7
2024,25.1,1.3
2024,25.1,0.6
2024,25.1,
2024,25.1,2.2
2024,25.1,1.3
2024,25.1,0.6
2024,25.1,
2024,25.1,
2024,25.1,1.4
2024,25.1,
2024,25.1,
2024,25.1,
2024,25.1,1.6
2024,25.1,
2024,25.1,
2024,25.1,
2024,25.1,
2024,25.1,
2024,25.1,
2024,25.1,2.9
2024,25.1,1.3
2024,25.1,0.5
2024,25.1,
2024,25.1,2.9
2024,25.1,1.1
2024,25.1,0.5
2024,25.1,
2024,25.1,
2024,25.1,1.4
2024,25.1,0.6
2024,25.1,
2024,25.1,1.3
2024,25.1,1.2
2024,25.1,0.7
2024,25.1,
2024,25.1,
2024,25.1,
2024,25.1,
2024,25.1,
2024,25.1,
2024,25.1,
2024,25.1,
2024,51.2,
2024,51.2,1.9
2024,51.2,1.3
2024,51.2,0.6
2024,51.2,
2024,51.2,1.7
2024,51.2,1.3
2024,51.2,0.6
2024,51.2,
2024,51.2,2.2
2024,51.2,1.3
2024,51.2,0.6
2024,51.2,
2024,51.2,
2024,51.2,1.4
2024,51.2,
2024,51.2,
2024,51.2,
2024,51.2,1.6
2024,51.2,
2024,51.2,
2024,51.2,
2024,51.2,
2024,51.2,
2024,51.2,
2024,51.2,2.9
2024,51.2,1.3
2024,51.2,0.5
2024,51.2,
2024,51.2,2.9
2024,51.2,1.1
2024,51.2,0.5
2024,51.2,
2024,51.2,
2024,51.2,1.4
2024,51.2,0.6
2024,51.2,
2024,51.2,1.3
2024,51.2,1.2
2024,51.2,0.7
2024,51.2,
2024,51.2,
2024,51.2,
2024,51.2,
2024,51.2,
2024,51.2,
2024,51.2,
2024,51.2,
2023,1.5,
2023,1.5,2.6
2023,1.5,1.4
2023,1.5,0.6
2023,1.5,
2023,1.5,2.9
2023,1.5,1.4
2023,1.5,0.6
2023,1.5,
2023,1.5,2.1
2023,1.5,1.4
2023,1.5,0.5
2023,1.5,
2023,1.5,
2023,1.5,1.4
2023,1.5,
2023,1.5,
2023,1.5,
2023,1.5,1.4
2023,1.5,
2023,1.5,
2023,1.5,
2023,1.5,
2023,1.5,
2023,1.5,
2023,1.5,4.0
2023,1.5,1.5
2023,1.5,0.5
2023,1.5,
2023,1.5,4.0
2023,1.5,1.5
2023,1.5,0.5
2023,1.5,
2023,1.5,
2023,1.5,1.5
2023,1.5,0.5
2023,1.5,
2023,1.5,2.0
2023,1.5,1.2
2023,1.5,0.9
2023,1.5,
2023,1.5,2.1
2023,1.5,
2023,1.5,
2023,1.5,
2023,1.5,
2023,1.5,1.4
2023,1.5,
2023,7.2,
2023,7.2,2.6
2023,7.2,1.4
2023,7.2,0.6
2023,7.2,
2023,7.2,2.9
2023,7.2,1.4
2023,7.2,0.6
2023,7.2,
2023,7.2,2.1
2023,7.2,1.4
2023,7.2,0.5
2023,7.2,
2023,7.2,
2023,7.2,1.4
2023,7.2,
2023,7.2,
2023,7.2,
2023,7.2,1.4
2023,7.2,
2023,7.2,
2023,7.2,
2023,7.2,
2023,7.2,
2023,7.2,
2023,7.2,4.0
2023,7.2,1.5
2023,7.2,0.5
2023,7.2,
2023,7.2,4.0
2023,7.2,1.5
2023,7.2,0.5
2023,7.2,
2023,7.2,
2023,7.2,1.5
2023,7.2,0.5
2023,7.2,
2023,7.2,2.0
2023,7.2,1.2
2023,7.2,0.9
2023,7.2,
2023,7.2,2.1
2023,7.2,
2023,7.2,
2023,7.2,
2023,7.2,
2023,7.2,1.4
2023,7.2,
2023,14.0,
2023,14.0,2.6
2023,14.0,1.4
2023,14.0,0.6
2023,14.0,
2023,14.0,2.9
2023,14.0,1.4
2023,14.0,0.6
2023,14.0,
2023,14.0,2.1
2023,14.0,1.4
2023,14.0,0.5
2023,14.0,
2023,14.0,
2023,14.0,1.4
2023,14.0,
2023,14.0,
2023,14.0,
2023,14.0,1.4
2023,14.0,
2023,14.0,
2023,14.0,
2023,14.0,
2023,14.0,
2023,14.0,
2023,14.0,4.0
2023,14.0,1.5
2023,14.0,0.5
2023,14.0,
2023,14.0,4.0
2023,14.0,1.5
2023,14.0,0.5
2023,14.0,
2023,14.0,
2023,14.0,1.5
2023,14.0,0.5
2023,14.0,
2023,14.0,2.0
2023,14.0,1.2
2023,14.0,0.9
2023,14.0,
2023,14.0,2.1
2023,14.0,
2023,14.0,
2023,14.0,
2023,14.0,
2023,14.0,1.4
2023,14.0,
2024,5.1,
2024,5.1,1.9
2024,5.1,1.3
2024,5.1,0.6
2024,5.1,
2024,5.1,1.7
2024,5.1,1.3
2024,5.1,0.6
2024,5.1,
2024,5.1,2.2
2024,5.1,1.3
2024,5.1,0.6
2024,5.1,
2024,5.1,
2024,5.1,1.4
2024,5.1,
2024,5.1,
2024,5.1,
2024,5.1,1.6
2024,5.1,
2024,5.1,
2024,5.1,
2024,5.1,
2024,5.1,
2024,5.1,
2024,5.1,2.9
2024,5.1,1.3
2024,5.1,0.5
2024,5.1,
2024,5.1,2.9
2024,5.1,1.1
2024,5.1,0.5
2024,5.1,
2024,5.1,
2024,5.1,1.4
2024,5.1,0.6
2024,5.1,
2024,5.1,1.3
2024,5.1,1.2
2024,5.1,0.7
2024,5.1,
2024,5.1,
2024,5.1,
2024,5.1,
2024,5.1,
2024,5.1,
2024,5.1,
2024,5.1,
2024,9.8,
2024,9.8,1.9
2024,9.8,1.3
2024,9.8,0.6
2024,9.8,
2024,9.8,1.7
2024,9.8,1.3
2024,9.8,0.6
2024,9.8,
2024,9.8,2.2
2024,9.8,1.3
2024,9.8,0.6
2024,9.8,
2024,9.8,
2024,9.8,1.4
2024,9.8,
2024,9.8,
2024,9.8,
2024,9.8,1.6
2024,9.8,
2024,9.8,
2024,9.8,
2024,9.8,
2024,9.8,
2024,9.8,
2024,9.8,2.9
2024,9.8,1.3
2024,9.8,0.5
2024,9.8,
2024,9.8,2.9
2024,9.8,1.1
2024,9.8,0.5
2024,9.8,
2024,9.8,
2024,9.8,1.4
2024,9.8,0.6
2024,9.8,
2024,9.8,1.3
2024,9.8,1.2
2024,9.8,0.7
2024,9.8,
2024,9.8,
2024,9.8,
2024,9.8,
2024,9.8,
2024,9.8,
2024,9.8,
2024,9.8,
2024,28.1,
2024,28.1,1.9
2024,28.1,1.3
2024,28.1,0.6
2024,28.1,
2024,28.1,1.7
2024,28.1,1.3
2024,28.1,0.6
2024,28.1,
2024,28.1,2.2
2024,28.1,1.3
2024,28.1,0.6
2024,28.1,
2024,28.1,
2024,28.1,1.4
2024,28.1,
2024,28.1,
2024,28.1,
2024,28.1,1.6
2024,28.1,
2024,28.1,
2024,28.1,
2024,28.1,
2024,28.1,
2024,28.1,
2024,28.1,2.9
2024,28.1,1.3
2024,28.1,0.5
2024,28.1,
2024,28.1,2.9
2024,28.1,1.1
2024,28.1,0.5
2024,28.1,
2024,28.1,
2024,28.1,1.4
2024,28.1,0.6
2024,28.1,
2024,28.1,1.3
2024,28.1,1.2
2024,28.1,0.7
2024,28.1,
2024,28.1,
2024,28.1,
2024,28.1,
2024,28.1,
2024,28.1,
2024,28.1,
2024,28.1,
2023,0.7,
2023,0.7,2.6
2023,0.7,1.4
2023,0.7,0.6
2023,0.7,
2023,0.7,2.9
2023,0.7,1.4
2023,0.7,0.6
2023,0.7,
2023,0.7,2.1
2023,0.7,1.4
2023,0.7,0.5
2023,0.7,
2023,0.7,
2023,0.7,1.4
2023,0.7,
2023,0.7,
2023,0.7,
2023,0.7,1.4
2023,0.7,
2023,0.7,
2023,0.7,
2023,0.7,
2023,0.7,
2023,0.7,
2023,0.7,4.0
2023,0.7,1.5
2023,0.7,0.5
2023,0.7,
2023,0.7,4.0
2023,0.7,1.5
2023,0.7,0.5
2023,0.7,
2023,0.7,
2023,0.7,1.5
2023,0.7,0.5
2023,0.7,
2023,0.7,2.0
2023,0.7,1.2
2023,0.7,0.9
2023,0.7,
2023,0.7,2.1
2023,0.7,
2023,0.7,
2023,0.7,
2023,0.7,
2023,0.7,1.4
2023,0.7,
2023,3.9,
2023,3.9,2.6
2023,3.9,1.4
2023,3.9,0.6
2023,3.9,
2023,3.9,2.9
2023,3.9,1.4
2023,3.9,0.6
2023,3.9,
2023,3.9,2.1
2023,3.9,1.4
2023,3.9,0.5
2023,3.9,
2023,3.9,
2023,3.9,1.4
2023,3.9,
2023,3.9,
2023,3.9,
2023,3.9,1.4
2023,3.9,
2023,3.9,
2023,3.9,
2023,3.9,
2023,3.9,
2023,3.9,
2023,3.9,4.0
2023,3.9,1.5
2023,3.9,0.5
2023,3.9,
2023,3.9,4.0
2023,3.9,1.5
2023,3.9,0.5
2023,3.9,
2023,3.9,
2023,3.9,1.5
2023,3.9,0.5
2023,3.9,
2023,3.9,2.0
2023,3.9,1.2
2023,3.9,0.9
2023,3.9,
2023,3.9,2.1
2023,3.9,
2023,3.9,
2023,3.9,
2023,3.9,
2023,3.9,1.4
2023,3.9,
2023,10.7,
2023,10.7,2.6
2023,10.7,1.4
2023,10.7,0.6
2023,10.7,
2023,10.7,2.9
2023,10.7,1.4
2023,10.7,0.6
2023,10.7,
2023,10.7,2.1
2023,10.7,1.4
2023,10.7,0.5
2023,10.7,
2023,10.7,
2023,10.7,1.4
2023,10.7,
2023,10.7,
2023,10.7,
2023,10.7,1.4
2023,10.7,
2023,10.7,
2023,10.7,
2023,10.7,
2023,10.7,
2023,10.7,
2023,10.7,4.0
2023,10.7,1.5
2023,10.7,0.5
2023,10.7,
2023,10.7,4.0
2023,10.7,1.5
2023,10.7,0.5
2023,10.7,
2023,10.7,
2023,10.7,1.5
2023,10.7,0.5
2023,10.7,
2023,10.7,2.0
2023,10.7,1.2
2023,10.7,0.9
2023,10.7,
2023,10.7,2.1
2023,10.7,
2023,10.7,
2023,10.7,
2023,10.7,
2023,10.7,1.4
2023,10.7,
2024,3.2,
2024,3.2,1.9
2024,3.2,1.3
2024,3.2,0.6
2024,3.2,
2024,3.2,1.7
2024,3.2,1.3
2024,3.2,0.6
2024,3.2,
2024,3.2,2.2
2024,3.2,1.3
2024,3.2,0.6
2024,3.2,
2024,3.2,
2024,3.2,1.4
2024,3.2,
2024,3.2,
2024,3.2,
2024,3.2,1.6
2024,3.2,
2024,3.2,
2024,3.2,
2024,3.2,
2024,3.2,
2024,3.2,
2024,3.2,2.9
2024,3.2,1.3
2024,3.2,0.5
2024,3.2,
2024,3.2,2.9
2024,3.2,1.1
2024,3.2,0.5
2024,3.2,
2024,3.2,
2024,3.2,1.4
2024,3.2,0.6
2024,3.2,
2024,3.2,1.3
2024,3.2,1.2
2024,3.2,0.7
2024,3.2,
2024,3.2,
2024,3.2,
2024,3.2,
2024,3.2,
2024,3.2,
2024,3.2,
2024,3.2,
2024,8.3,
2024,8.3,1.9
2024,8.3,1.3
2024,8.3,0.6
2024,8.3,
2024,8.3,1.7
2024,8.3,1.3
2024,8.3,0.6
2024,8.3,
2024,8.3,2.2
2024,8.3,1.3
2024,8.3,0.6
2024,8.3,
2024,8.3,
2024,8.3,1.4
2024,8.3,
2024,8.3,
2024,8.3,
2024,8.3,1.6
2024,8.3,
2024,8.3,
2024,8.3,
2024,8.3,
2024,8.3,
2024,8.3,
2024,8.3,2.9
2024,8.3,1.3
2024,8.3,0.5
2024,8.3,
2024,8.3,2.9
2024,8.3,1.1
2024,8.3,0.5
2024,8.3,
2024,8.3,
2024,8.3,1.4
2024,8.3,0.6
2024,8.3,
2024,8.3,1.3
2024,8.3,1.2
2024,8.3,0.7
2024,8.3,
2024,8.3,
2024,8.3,
2024,8.3,
2024,8.3,
2024,8.3,
2024,8.3,
2024,8.3,
2024,20.4,
2024,20.4,1.9
2024,20.4,1.3
2024,20.4,0.6
2024,20.4,
2024,20.4,1.7
2024,20.4,1.3
2024,20.4,0.6
2024,20.4,
2024,20.4,2.2
2024,20.4,1.3
2024,20.4,0.6
2024,20.4,
2024,20.4,
2024,20.4,1.4
2024,20.4,
2024,20.4,
2024,20.4,
2024,20.4,1.6
2024,20.4,
2024,20.4,
2024,20.4,
2024,20.4,
2024,20.4,
2024,20.4,
2024,20.4,2.9
2024,20.4,1.3
2024,20.4,0.5
2024,20.4,
2024,20.4,2.9
2024,20.4,1.1
2024,20.4,0.5
2024,20.4,
2024,20.4,
2024,20.4,1.4
2024,20.4,0.6
2024,20.4,
2024,20.4,1.3
2024,20.4,1.2
2024,20.4,0.7
2024,20.4,
2024,20.4,
2024,20.4,
2024,20.4,
2024,20.4,
2024,20.4,
2024,20.4,
2024,20.4,
2023,1.7,
2023,1.7,2.6
2023,1.7,1.4
2023,1.7,0.6
2023,1.7,
2023,1.7,2.9
2023,1.7,1.4
2023,1.7,0.6
2023,1.7,
2023,1.7,2.1
2023,1.7,1.4
2023,1.7,0.5
2023,1.7,
2023,1.7,
2023,1.7,1.4
2023,1.7,
2023,1.7,
2023,1.7,
2023,1.7,1.4
2023,1.7,
2023,1.7,
2023,1.7,
2023,1.7,
2023,1.7,
2023,1.7,
2023,1.7,4.0
2023,1.7,1.5
2023,1.7,0.5
2023,1.7,
2023,1.7,4.0
2023,1.7,1.5
2023,1.7,0.5
2023,1.7,
2023,1.7,
2023,1.7,1.5
2023,1.7,0.5
2023,1.7,
2023,1.7,2.0
2023,1.7,1.2
2023,1.7,0.9
2023,1.7,
2023,1.7,2.1
2023,1.7,
2023,1.7,
2023,1.7,
2023,1.7,
2023,1.7,1.4
2023,1.7,
2023,3.6,
2023,3.6,2.6
2023,3.6,1.4
2023,3.6,0.6
2023,3.6,
2023,3.6,2.9
2023,3.6,1.4
2023,3.6,0.6
2023,3.6,
2023,3.6,2.1
2023,3.6,1.4
2023,3.6,0.5
2023,3.6,
2023,3.6,
2023,3.6,1.4
2023,3.6,
2023,3.6,
2023,3.6,
2023,3.6,1.4
2023,3.6,
2023,3.6,
2023,3.6,
2023,3.6,
2023,3.6,
2023,3.6,
2023,3.6,4.0
2023,3.6,1.5
2023,3.6,0.5
2023,3.6,
2023,3.6,4.0
2023,3.6,1.5
2023,3.6,0.5
2023,3.6,
2023,3.6,
2023,3.6,1.5
2023,3.6,0.5
2023,3.6,
2023,3.6,2.0
2023,3.6,1.2
2023,3.6,0.9
2023,3.6,
2023,3.6,2.1
2023,3.6,
2023,3.6,
2023,3.6,
2023,3.6,
2023,3.6,1.4
2023,3.6,
2023,10.9,
2023,10.9,2.6
2023,10.9,1.4
2023,10.9,0.6
2023,10.9,
2023,10.9,2.9
2023,10.9,1.4
2023,10.9,0.6
2023,10.9,
2023,10.9,2.1
2023,10.9,1.4
2023,10.9,0.5
2023,10.9,
2023,10.9,
2023,10.9,1.4
2023,10.9,
2023,10.9,
2023,10.9,
2023,10.9,1.4
2023,10.9,
2023,10.9,
2023,10.9,
2023,10.9,
2023,10.9,
2023,10.9,
2023,10.9,4.0
2023,10.9,1.5
2023,10.9,0.5
2023,10.9,
2023,10.9,4.0
2023,10.9,1.5
2023,10.9,0.5
2023,10.9,
2023,10.9,
2023,10.9,1.5
2023,10.9,0.5
2023,10.9,
2023,10.9,2.0
2023,10.9,1.2
2023,10.9,0.9
2023,10.9,
2023,10.9,2.1
2023,10.9,
2023,10.9,
2023,10.9,
2023,10.9,
2023,10.9,1.4
2023,10.9,
2024,6.3,
2024,6.3,1.9
2024,6.3,1.3
2024,6.3,0.6
2024,6.3,
2024,6.3,1.7
2024,6.3,1.3
2024,6.3,0.6
2024,6.3,
2024,6.3,2.2
2024,6.3,1.3
2024,6.3,0.6
2024,6.3,
2024,6.3,
2024,6.3,1.4
2024,6.3,
2024,6.3,
2024,6.3,
2024,6.3,1.6
2024,6.3,
2024,6.3,
2024,6.3,
2024,6.3,
2024,6.3,
2024,6.3,
2024,6.3,2.9
2024,6.3,1.3
2024,6.3,0.5
2024,6.3,
2024,6.3,2.9
2024,6.3,1.1
2024,6.3,0.5
2024,6.3,
2024,6.3,
2024,6.3,1.4
2024,6.3,0.6
2024,6.3,
2024,6.3,1.3
2024,6.3,1.2
2024,6.3,0.7
2024,6.3,
2024,6.3,
2024,6.3,
2024,6.3,
2024,6.3,
2024,6.3,
2024,6.3,
2024,6.3,
2024,10.2,
2024,10.2,1.9
2024,10.2,1.3
2024,10.2,0.6
2024,10.2,
2024,10.2,1.7
2024,10.2,1.3
2024,10.2,0.6
2024,10.2,
2024,10.2,2.2
2024,10.2,1.3
2024,10.2,0.6
2024,10.2,
2024,10.2,
2024,10.2,1.4
2024,10.2,
2024,10.2,
2024,10.2,
2024,10.2,1.6
2024,10.2,
2024,10.2,
2024,10.2,
2024,10.2,
2024,10.2,
2024,10.2,
2024,10.2,2.9
2024,10.2,1.3
2024,10.2,0.5
2024,10.2,
2024,10.2,2.9
2024,10.2,1.1
2024,10.2,0.5
2024,10.2,
2024,10.2,
2024,10.2,1.4
2024,10.2,0.6
2024,10.2,
2024,10.2,1.3
2024,10.2,1.2
2024,10.2,0.7
2024,10.2,
2024,10.2,
2024,10.2,
2024,10.2,
2024,10.2,
2024,10.2,
2024,10.2,
2024,10.2,
2024,23.6,
2024,23.6,1.9
2024,23.6,1.3
2024,23.6,0.6
2024,23.6,
2024,23.6,1.7
2024,23.6,1.3
2024,23.6,0.6
2024,23.6,
2024,23.6,2.2
2024,23.6,1.3
2024,23.6,0.6
2024,23.6,
2024,23.6,
2024,23.6,1.4
2024,23.6,
2024,23.6,
2024,23.6,
2024,23.6,1.6
2024,23.6,
2024,23.6,
2024,23.6,
2024,23.6,
2024,23.6,
2024,23.6,
2024,23.6,2.9
2024,23.6,1.3
2024,23.6,0.5
2024,23.6,
2024,23.6,2.9
2024,23.6,1.1
2024,23.6,0.5
2024,23.6,
2024,23.6,
2024,23.6,1.4
2024,23.6,0.6
2024,23.6,
2024,23.6,1.3
2024,23.6,1.2
2024,23.6,0.7
2024,23.6,
2024,23.6,
2024,23.6,
2024,23.6,
2024,23.6,
2024,23.6,
2024,23.6,
2024,23.6,
2023,0.8,
2023,0.8,2.6
2023,0.8,1.4
2023,0.8,0.6
2023,0.8,
2023,0.8,2.9
2023,0.8,1.4
2023,0.8,0.6
2023,0.8,
2023,0.8,2.1
2023,0.8,1.4
2023,0.8,0.5
2023,0.8,
2023,0.8,
2023,0.8,1.4
2023,0.8,
2023,0.8,
2023,0.8,
2023,0.8,1.4
2023,0.8,
2023,0.8,
2023,0.8,
2023,0.8,
2023,0.8,
2023,0.8,
2023,0.8,4.0
2023,0.8,1.5
2023,0.8,0.5
2023,0.8,
2023,0.8,4.0
2023,0.8,1.5
2023,0.8,0.5
2023,0.8,
2023,0.8,
2023,0.8,1.5
2023,0.8,0.5
2023,0.8,
2023,0.8,2.0
2023,0.8,1.2
2023,0.8,0.9
2023,0.8,
2023,0.8,2.1
2023,0.8,
2023,0.8,
2023,0.8,
2023,0.8,
2023,0.8,1.4
2023,0.8,
2023,3.5,
2023,3.5,2.6
2023,3.5,1.4
2023,3.5,0.6
2023,3.5,
2023,3.5,2.9
2023,3.5,1.4
2023,3.5,0.6
2023,3.5,
2023,3.5,2.1
2023,3.5,1.4
2023,3.5,0.5
2023,3.5,
2023,3.5,
2023,3.5,1.4
2023,3.5,
2023,3.5,
2023,3.5,
2023,3.5,1.4
2023,3.5,
2023,3.5,
2023,3.5,
2023,3.5,
2023,3.5,
2023,3.5,
2023,3.5,4.0
2023,3.5,1.5
2023,3.5,0.5
2023,3.5,
2023,3.5,4.0
2023,3.5,1.5
2023,3.5,0.5
2023,3.5,
2023,3.5,
2023,3.5,1.5
2023,3.5,0.5
2023,3.5,
2023,3.5,2.0
2023,3.5,1.2
2023,3.5,0.9
2023,3.5,
2023,3.5,2.1
2023,3.5,
2023,3.5,
2023,3.5,
2023,3.5,
2023,3.5,1.4
2023,3.5,
2023,8.9,
2023,8.9,2.6
2023,8.9,1.4
2023,8.9,0.6
2023,8.9,
2023,8.9,2.9
2023,8.9,1.4
2023,8.9,0.6
2023,8.9,
2023,8.9,2.1
2023,8.9,1.4
2023,8.9,0.5
2023,8.9,
2023,8.9,
2023,8.9,1.4
2023,8.9,
2023,8.9,
2023,8.9,
2023,8.9,1.4
2023,8.9,
2023,8.9,
2023,8.9,
2023,8.9,
2023,8.9,
2023,8.9,
2023,8.9,4.0
2023,8.9,1.5
2023,8.9,0.5
2023,8.9,
2023,8.9,4.0
2023,8.9,1.5
2023,8.9,0.5
2023,8.9,
2023,8.9,
2023,8.9,1.5
2023,8.9,0.5
2023,8.9,
2023,8.9,2.0
2023,8.9,1.2
2023,8.9,0.9
2023,8.9,
2023,8.9,2.1
2023,8.9,
2023,8.9,
2023,8.9,
2023,8.9,
2023,8.9,1.4
2023,8.9,
2024,2.4,
2024,2.4,1.9
2024,2.4,1.3
2024,2.4,0.6
2024,2.4,
2024,2.4,1.7
2024,2.4,1.3
2024,2.4,0.6
2024,2.4,
2024,2.4,2.2
2024,2.4,1.3
2024,2.4,0.6
2024,2.4,
2024,2.4,
2024,2.4,1.4
2024,2.4,
2024,2.4,
2024,2.4,
2024,2.4,1.6
2024,2.4,
2024,2.4,
2024,2.4,
2024,2.4,
2024,2.4,
2024,2.4,
2024,2.4,2.9
2024,2.4,1.3
2024,2.4,0.5
2024,2.4,
2024,2.4,2.9
2024,2.4,1.1
2024,2.4,0.5
2024,2.4,
2024,2.4,
2024,2.4,1.4
2024,2.4,0.6
2024,2.4,
2024,2.4,1.3
2024,2.4,1.2
2024,2.4,0.7
2024,2.4,
2024,2.4,
2024,2.4,
2024,2.4,
2024,2.4,
2024,2.4,
2024,2.4,
2024,2.4,
2024,4.7,
2024,4.7,1.9
2024,4.7,1.3
2024,4.7,0.6
2024,4.7,
2024,4.7,1.7
2024,4.7,1.3
2024,4.7,0.6
2024,4.7,
2024,4.7,2.2
2024,4.7,1.3
2024,4.7,0.6
2024,4.7,
2024,4.7,
2024,4.7,1.4
2024,4.7,
2024,4.7,
2024,4.7,
2024,4.7,1.6
2024,4.7,
2024,4.7,
2024,4.7,
2024,4.7,
2024,4.7,
2024,4.7,
2024,4.7,2.9
2024,4.7,1.3
2024,4.7,0.5
2024,4.7,
2024,4.7,2.9
2024,4.7,1.1
2024,4.7,0.5
2024,4.7,
2024,4.7,
2024,4.7,1.4
2024,4.7,0.6
2024,4.7,
2024,4.7,1.3
2024,4.7,1.2
2024,4.7,0.7
2024,4.7,
2024,4.7,
2024,4.7,
2024,4.7,
2024,4.7,
2024,4.7,
2024,4.7,
2024,4.7,
2024,16.8,
2024,16.8,1.9
2024,16.8,1.3
2024,16.8,0.6
2024,16.8,
2024,16.8,1.7
2024,16.8,1.3
2024,16.8,0.6
2024,16.8,
2024,16.8,2.2
2024,16.8,1.3
2024,16.8,0.6
2024,16.8,
2024,16.8,
2024,16.8,1.4
2024,16.8,
2024,16.8,
2024,16.8,
2024,16.8,1.6
2024,16.8,
2024,16.8,
2024,16.8,
2024,16.8,
2024,16.8,
2024,16.8,
2024,16.8,2.9
2024,16.8,1.3
2024,16.8,0.5
2024,16.8,
2024,16.8,2.9
2024,16.8,1.1
2024,16.8,0.5
2024,16.8,
2024,16.8,
2024,16.8,1.4
2024,16.8,0.6
2024,16.8,
2024,16.8,1.3
2024,16.8,1.2
2024,16.8,0.7
2024,16.8,
2024,16.8,
2024,16.8,
2024,16.8,
2024,16.8,
2024,16.8,
2024,16.8,
2024,16.8,
2023,1.5,
2023,1.5,2.6
2023,1.5,1.4
2023,1.5,0.6
2023,1.5,
2023,1.5,2.9
2023,1.5,1.4
2023,1.5,0.6
2023,1.5,
2023,1.5,2.1
2023,1.5,1.4
2023,1.5,0.5
2023,1.5,
2023,1.5,
2023,1.5,1.4
2023,1.5,
2023,1.5,
2023,1.5,
2023,1.5,1.4
2023,1.5,
2023,1.5,
2023,1.5,
2023,1.5,
2023,1.5,
2023,1.5,
2023,1.5,4.0
2023,1.5,1.5
2023,1.5,0.5
2023,1.5,
2023,1.5,4.0
2023,1.5,1.5
2023,1.5,0.5
2023,1.5,
2023,1.5,
2023,1.5,1.5
2023,1.5,0.5
2023,1.5,
2023,1.5,2.0
2023,1.5,1.2
2023,1.5,0.9
2023,1.5,
2023,1.5,2.1
2023,1.5,
2023,1.5,
2023,1.5,
2023,1.5,
2023,1.5,1.4
2023,1.5,
2023,8.2,
2023,8.2,2.6
2023,8.2,1.4
2023,8.2,0.6
2023,8.2,
2023,8.2,2.9
2023,8.2,1.4
2023,8.2,0.6
2023,8.2,
2023,8.2,2.1
2023,8.2,1.4
2023,8.2,0.5
2023,8.2,
2023,8.2,
2023,8.2,1.4
2023,8.2,
2023,8.2,
2023,8.2,
2023,8.2,1.4
2023,8.2,
2023,8.2,
2023,8.2,
2023,8.2,
2023,8.2,
2023,8.2,
2023,8.2,4.0
2023,8.2,1.5
2023,8.2,0.5
2023,8.2,
2023,8.2,4.0
2023,8.2,1.5
2023,8.2,0.5
2023,8.2,
2023,8.2,
2023,8.2,1.5
2023,8.2,0.5
2023,8.2,
2023,8.2,2.0
2023,8.2,1.2
2023,8.2,0.9
2023,8.2,
2023,8.2,2.1
2023,8.2,
2023,8.2,
2023,8.2,
2023,8.2,
2023,8.2,1.4
2023,8.2,
2023,20.0,
2023,20.0,2.6
2023,20.0,1.4
2023,20.0,0.6
2023,20.0,
2023,20.0,2.9
2023,20.0,1.4
2023,20.0,0.6
2023,20.0,
2023,20.0,2.1
2023,20.0,1.4
2023,20.0,0.5
2023,20.0,
2023,20.0,
2023,20.0,1.4
2023,20.0,
2023,20.0,
2023,20.0,
2023,20.0,1.4
2023,20.0,
2023,20.0,
2023,20.0,
2023,20.0,
2023,20.0,
2023,20.0,
2023,20.0,4.0
2023,20.0,1.5
2023,20.0,0.5
2023,20.0,
2023,20.0,4.0
2023,20.0,1.5
2023,20.0,0.5
2023,20.0,
2023,20.0,
2023,20.0,1.5
2023,20.0,0.5
2023,20.0,
2023,20.0,2.0
2023,20.0,1.2
2023,20.0,0.9
2023,20.0,
2023,20.0,2.1
2023,20.0,
2023,20.0,
2023,20.0,
2023,20.0,
2023,20.0,1.4
2023,20.0,
2024,4.1,
2024,4.1,1.9
2024,4.1,1.3
2024,4.1,0.6
2024,4.1,
2024,4.1,1.7
2024,4.1,1.3
2024,4.1,0.6
2024,4.1,
2024,4.1,2.2
2024,4.1,1.3
2024,4.1,0.6
2024,4.1,
2024,4.1,
2024,4.1,1.4
2024,4.1,
2024,4.1,
2024,4.1,
2024,4.1,1.6
2024,4.1,
2024,4.1,
2024,4.1,
2024,4.1,
2024,4.1,
2024,4.1,
2024,4.1,2.9
2024,4.1,1.3
2024,4.1,0.5
2024,4.1,
2024,4.1,2.9
2024,4.1,1.1
2024,4.1,0.5
2024,4.1,
2024,4.1,
2024,4.1,1.4
2024,4.1,0.6
2024,4.1,
2024,4.1,1.3
2024,4.1,1.2
2024,4.1,0.7
2024,4.1,
2024,4.1,
2024,4.1,
2024,4.1,
2024,4.1,
2024,4.1,
2024,4.1,
2024,4.1,
2024,9.7,
2024,9.7,1.9
2024,9.7,1.3
2024,9.7,0.6
2024,9.7,
2024,9.7,1.7
2024,9.7,1.3
2024,9.7,0.6
2024,9.7,
2024,9.7,2.2
2024,9.7,1.3
2024,9.7,0.6
2024,9.7,
2024,9.7,
2024,9.7,1.4
2024,9.7,
2024,9.7,
2024,9.7,
2024,9.7,1.6
2024,9.7,
2024,9.7,
2024,9.7,
2024,9.7,
2024,9.7,
2024,9.7,
2024,9.7,2.9
2024,9.7,1.3
2024,9.7,0.5
2024,9.7,
2024,9.7,2.9
2024,9.7,1.1
2024,9.7,0.5
2024,9.7,
2024,9.7,
2024,9.7,1.4
2024,9.7,0.6
2024,9.7,
2024,9.7,1.3
2024,9.7,1.2
2024,9.7,0.7
2024,9.7,
2024,9.7,
2024,9.7,
2024,9.7,
2024,9.7,
2024,9.7,
2024,9.7,
2024,9.7,
2024,27.6,
2024,27.6,1.9
2024,27.6,1.3
2024,27.6,0.6
2024,27.6,
2024,27.6,1.7
2024,27.6,1.3
2024,27.6,0.6
2024,27.6,
2024,27.6,2.2
2024,27.6,1.3
2024,27.6,0.6
2024,27.6,
2024,27.6,
2024,27.6,1.4
2024,27.6,
2024,27.6,
2024,27.6,
2024,27.6,1.6
2024,27.6,
2024,27.6,
2024,27.6,
2024,27.6,
2024,27.6,
2024,27.6,
2024,27.6,2.9
2024,27.6,1.3
2024,27.6,0.5
2024,27.6,
2024,27.6,2.9
2024,27.6,1.1
2024,27.6,0.5
2024,27.6,
2024,27.6,
2024,27.6,1.4
2024,27.6,0.6
2024,27.6,
2024,27.6,1.3
2024,27.6,1.2
2024,27.6,0.7
2024,27.6,
2024,27.6,
2024,27.6,
2024,27.6,
2024,27.6,
2024,27.6,
2024,27.6,
2024,27.6,
2023,2.3,
2023,2.3,2.6
2023,2.3,1.4
2023,2.3,0.6
2023,2.3,
2023,2.3,2.9
2023,2.3,1.4
2023,2.3,0.6
2023,2.3,
2023,2.3,2.1
2023,2.3,1.4
2023,2.3,0.5
2023,2.3,
2023,2.3,
2023,2.3,1.4
2023,2.3,
2023,2.3,
2023,2.3,
2023,2.3,1.4
2023,2.3,
2023,2.3,
2023,2.3,
2023,2.3,
2023,2.3,
2023,2.3,
2023,2.3,4.0
2023,2.3,1.5
2023,2.3,0.5
2023,2.3,
2023,2.3,4.0
2023,2.3,1.5
2023,2.3,0.5
2023,2.3,
2023,2.3,
2023,2.3,1.5
2023,2.3,0.5
2023,2.3,
2023,2.3,2.0
2023,2.3,1.2
2023,2.3,0.9
2023,2.3,
2023,2.3,2.1
2023,2.3,
2023,2.3,
2023,2.3,
2023,2.3,
2023,2.3,1.4
2023,2.3,
2023,12.2,
2023,12.2,2.6
2023,12.2,1.4
2023,12.2,0.6
2023,12.2,
2023,12.2,2.9
2023,12.2,1.4
2023,12.2,0.6
2023,12.2,
2023,12.2,2.1
2023,12.2,1.4
2023,12.2,0.5
2023,12.2,
2023,12.2,
2023,12.2,1.4
2023,12.2,
2023,12.2,
2023,12.2,
2023,12.2,1.4
2023,12.2,
2023,12.2,
2023,12.2,
2023,12.2,
2023,12.2,
2023,12.2,
2023,12.2,4.0
2023,12.2,1.5
2023,12.2,0.5
2023,12.2,
2023,12.2,4.0
2023,12.2,1.5
2023,12.2,0.5
2023,12.2,
2023,12.2,
2023,12.2,1.5
2023,12.2,0.5
2023,12.2,
2023,12.2,2.0
2023,12.2,1.2
2023,12.2,0.9
2023,12.2,
2023,12.2,2.1
2023,12.2,
2023,12.2,
2023,12.2,
2023,12.2,
2023,12.2,1.4
2023,12.2,
2023,21.9,
2023,21.9,2.6
2023,21.9,1.4
2023,21.9,0.6
2023,21.9,
2023,21.9,2.9
2023,21.9,1.4
2023,21.9,0.6
2023,21.9,
2023,21.9,2.1
2023,21.9,1.4
2023,21.9,0.5
2023,21.9,
2023,21.9,
2023,21.9,1.4
2023,21.9,
2023,21.9,
2023,21.9,
2023,21.9,1.4
2023,21.9,
2023,21.9,
2023,21.9,
2023,21.9,
2023,21.9,
2023,21.9,
2023,21.9,4.0
2023,21.9,1.5
2023,21.9,0.5
2023,21.9,
2023,21.9,4.0
2023,21.9,1.5
2023,21.9,0.5
2023,21.9,
2023,21.9,
2023,21.9,1.5
2023,21.9,0.5
2023,21.9,
2023,21.9,2.0
2023,21.9,1.2
2023,21.9,0.9
2023,21.9,
2023,21.9,2.1
2023,21.9,
2023,21.9,
2023,21.9,
2023,21.9,
2023,21.9,1.4
2023,21.9,
2024,4.3,
2024,4.3,1.9
2024,4.3,1.3
2024,4.3,0.6
2024,4.3,
2024,4.3,1.7
2024,4.3,1.3
2024,4.3,0.6
2024,4.3,
2024,4.3,2.2
2024,4.3,1.3
2024,4.3,0.6
2024,4.3,
2024,4.3,
2024,4.3,1.4
2024,4.3,
2024,4.3,
2024,4.3,
2024,4.3,1.6
2024,4.3,
2024,4.3,
2024,4.3,
2024,4.3,
2024,4.3,
2024,4.3,
2024,4.3,2.9
2024,4.3,1.3
2024,4.3,0.5
2024,4.3,
2024,4.3,2.9
2024,4.3,1.1
2024,4.3,0.5
2024,4.3,
2024,4.3,
2024,4.3,1.4
2024,4.3,0.6
2024,4.3,
2024,4.3,1.3
2024,4.3,1.2
2024,4.3,0.7
2024,4.3,
2024,4.3,
2024,4.3,
2024,4.3,
2024,4.3,
2024,4.3,
2024,4.3,
2024,4.3,
2024,12.4,
2024,12.4,1.9
2024,12.4,1.3
2024,12.4,0.6
2024,12.4,
2024,12.4,1.7
2024,12.4,1.3
2024,12.4,0.6
2024,12.4,
2024,12.4,2.2
2024,12.4,1.3
2024,12.4,0.6
2024,12.4,
2024,12.4,
2024,12.4,1.4
2024,12.4,
2024,12.4,
2024,12.4,
2024,12.4,1.6
2024,12.4,
2024,12.4,
2024,12.4,
2024,12.4,
2024,12.4,
2024,12.4,
2024,12.4,2.9
2024,12.4,1.3
2024,12.4,0.5
2024,12.4,
2024,12.4,2.9
2024,12.4,1.1
2024,12.4,0.5
2024,12.4,
2024,12.4,
2024,12.4,1.4
2024,12.4,0.6
2024,12.4,
2024,12.4,1.3
2024,12.4,1.2
2024,12.4,0.7
2024,12.4,
2024,12.4,
2024,12.4,
2024,12.4,
2024,12.4,
2024,12.4,
2024,12.4,
2024,12.4,
2024,30.4,
2024,30.4,1.9
2024,30.4,1.3
2024,30.4,0.6
2024,30.4,
2024,30.4,1.7
2024,30.4,1.3
2024,30.4,0.6
2024,30.4,
2024,30.4,2.2
2024,30.4,1.3
2024,30.4,0.6
2024,30.4,
2024,30.4,
2024,30.4,1.4
2024,30.4,
2024,30.4,
2024,30.4,
2024,30.4,1.6
2024,30.4,
2024,30.4,
2024,30.4,
2024,30.4,
2024,30.4,
2024,30.4,
2024,30.4,2.9
2024,30.4,1.3
2024,30.4,0.5
2024,30.4,
2024,30.4,2.9
2024,30.4,1.1
2024,30.4,0.5
2024,30.4,
2024,30.4,
2024,30.4,1.4
2024,30.4,0.6
2024,30.4,
2024,30.4,1.3
2024,30.4,1.2
2024,30.4,0.7
2024,30.4,
2024,30.4,
2024,30.4,
2024,30.4,
2024,30.4,
2024,30.4,
2024,30.4,
2024,30.4,
2023,,
2023,,2.6
2023,,1.4
2023,,0.6
2023,,
2023,,2.9
2023,,1.4
2023,,0.6
2023,,
2023,,2.1
2023,,1.4
2023,,0.5
2023,,
2023,,
2023,,1.4
2023,,
2023,,
2023,,
2023,,1.4
2023,,
2023,,
2023,,
2023,,
2023,,
2023,,
2023,,4.0
2023,,1.5
2023,,0.5
2023,,
2023,,4.0
2023,,1.5
2023,,0.5
2023,,
2023,,
2023,,1.5
2023,,0.5
2023,,
2023,,2.0
2023,,1.2
2023,,0.9
2023,,
2023,,2.1
2023,,
2023,,
2023,,
2023,,
2023,,1.4
2023,,
2023,1.9,
2023,1.9,2.6
2023,1.9,1.4
2023,1.9,0.6
2023,1.9,
2023,1.9,2.9
2023,1.9,1.4
2023,1.9,0.6
2023,1.9,
2023,1.9,2.1
2023,1.9,1.4
2023,1.9,0.5
2023,1.9,
2023,1.9,
2023,1.9,1.4
2023,1.9,
2023,1.9,
2023,1.9,
2023,1.9,1.4
2023,1.9,
2023,1.9,
2023,1.9,
2023,1.9,
2023,1.9,
2023,1.9,
2023,1.9,4.0
2023,1.9,1.5
2023,1.9,0.5
2023,1.9,
2023,1.9,4.0
2023,1.9,1.5
2023,1.9,0.5
2023,1.9,
2023,1.9,
2023,1.9,1.5
2023,1.9,0.5
2023,1.9,
2023,1.9,2.0
2023,1.9,1.2
2023,1.9,0.9
2023,1.9,
2023,1.9,2.1
2023,1.9,
2023,1.9,
2023,1.9,
2023,1.9,
2023,1.9,1.4
2023,1.9,
2023,7.8,
2023,7.8,2.6
2023,7.8,1.4
2023,7.8,0.6
2023,7.8,
2023,7.8,2.9
2023,7.8,1.4
2023,7.8,0.6
2023,7.8,
2023,7.8,2.1
2023,7.8,1.4
2023,7.8,0.5
2023,7.8,
2023,7.8,
2023,7.8,1.4
2023,7.8,
2023,7.8,
2023,7.8,
2023,7.8,1.4
2023,7.8,
2023,7.8,
2023,7.8,
2023,7.8,
2023,7.8,
2023,7.8,
2023,7.8,4.0
2023,7.8,1.5
2023,7.8,0.5
2023,7.8,
2023,7.8,4.0
2023,7.8,1.5
2023,7.8,0.5
2023,7.8,
2023,7.8,
2023,7.8,1.5
2023,7.8,0.5
2023,7.8,
2023,7.8,2.0
2023,7.8,1.2
2023,7.8,0.9
2023,7.8,
2023,7.8,2.1
2023,7.8,
2023,7.8,
2023,7.8,
2023,7.8,
2023,7.8,1.4
2023,7.8,
2024,0.6,
2024,0.6,1.9
2024,0.6,1.3
2024,0.6,0.6
2024,0.6,
2024,0.6,1.7
2024,0.6,1.3
2024,0.6,0.6
2024,0.6,
2024,0.6,2.2
2024,0.6,1.3
2024,0.6,0.6
2024,0.6,
2024,0.6,
2024,0.6,1.4
2024,0.6,
2024,0.6,
2024,0.6,
2024,0.6,1.6
2024,0.6,
2024,0.6,
2024,0.6,
2024,0.6,
2024,0.6,
2024,0.6,
2024,0.6,2.9
2024,0.6,1.3
2024,0.6,0.5
2024,0.6,
2024,0.6,2.9
2024,0.6,1.1
2024,0.6,0.5
2024,0.6,
2024,0.6,
2024,0.6,1.4
2024,0.6,0.6
2024,0.6,
2024,0.6,1.3
2024,0.6,1.2
2024,0.6,0.7
2024,0.6,
2024,0.6,
2024,0.6,
2024,0.6,
2024,0.6,
2024,0.6,
2024,0.6,
2024,0.6,
2024,1.5,
2024,1.5,1.9
2024,1.5,1.3
2024,1.5,0.6
2024,1.5,
2024,1.5,1.7
2024,1.5,1.3
2024,1.5,0.6
2024,1.5,
2024,1.5,2.2
2024,1.5,1.3
2024,1.5,0.6
2024,1.5,
2024,1.5,
2024,1.5,1.4
2024,1.5,
2024,1.5,
2024,1.5,
2024,1.5,1.6
2024,1.5,
2024,1.5,
2024,1.5,
2024,1.5,
2024,1.5,
2024,1.5,
2024,1.5,2.9
2024,1.5,1.3
2024,1.5,0.5
2024,1.5,
2024,1.5,2.9
2024,1.5,1.1
2024,1.5,0.5
2024,1.5,
2024,1.5,
2024,1.5,1.4
2024,1.5,0.6
2024,1.5,
2024,1.5,1.3
2024,1.5,1.2
2024,1.5,0.7
2024,1.5,
2024,1.5,
2024,1.5,
2024,1.5,
2024,1.5,
2024,1.5,
2024,1.5,
2024,1.5,
2024,9.4,
2024,9.4,1.9
2024,9.4,1.3
2024,9.4,0.6
2024,9.4,
2024,9.4,1.7
2024,9.4,1.3
2024,9.4,0.6
2024,9.4,
2024,9.4,2.2
2024,9.4,1.3
2024,9.4,0.6
2024,9.4,
2024,9.4,
2024,9.4,1.4
2024,9.4,
2024,9.4,
2024,9.4,
2024,9.4,1.6
2024,9.4,
2024,9.4,
2024,9.4,
2024,9.4,
2024,9.4,
2024,9.4,
2024,9.4,2.9
2024,9.4,1.3
2024,9.4,0.5
2024,9.4,
2024,9.4,2.9
2024,9.4,1.1
2024,9.4,0.5
2024,9.4,
2024,9.4,
2024,9.4,1.4
2024,9.4,0.6
2024,9.4,
2024,9.4,1.3
2024,9.4,1.2
2024,9.4,0.7
2024,9.4,
2024,9.4,
2024,9.4,
2024,9.4,
2024,9.4,
2024,9.4,
2024,9.4,
2024,9.4,
